warsa,sxp,sxp2,secm,gy1,peace,geogia,lnpop,frac,etdo4590
0,0.4749999940395355,0.22562499344348907,39,2.6619999408721924,232,0.5640000104904175,13.705699920654297,4047,1
0,0.10300000011920929,0.010608999989926815,21,-0.14100000262260437,412,0.6539999842643738,14.654060363769531,4347,1
0,0.30000001192092896,0.09000000357627869,35,-5.366000175476074,292,0,13.62798023223877,3894,1
0,0.11100000143051147,0.01232099998742342,17,1.8899999856948853,163,0.8289999961853027,16.54401969909668,159,1
0,0.33000001311302185,0.10890000313520432,2,2.4579999446868896,232,0.828000009059906,13.907179832458496,68,1
0,0.1120000034570694,0.012543999589979649,31,2.4690001010894775,232,0.8690000176429749,15.963310241699219,420,0
0,0.08799999952316284,0.00774399982765317,6,-1.2649999856948853,292,0.7099999785423279,14.792710304260254,3100,1
1,0.16599999368190765,0.027556000277400017,40,-6.236000061035156,6,0.7020000219345093,14.845840454101562,198,1
1,0.06499999761581421,0.004224999807775021,6,0.4099999964237213,292,0.6389999985694885,17.18062973022461,4347,1
0,0.061000000685453415,0.003720999928191304,87,4.160999774932861,352,0.5270000100135803,16.017940521240234,50,0
0,0.035999998450279236,0.0012959999730810523,56,0.9589999914169312,245,0.7390000224113464,20.850040435791016,585,0
0,0.1599999964237213,0.025599999353289604,38,-6.061999797821045,4,0.5389999747276306,18.236709594726562,6090,0
0,0.0689999982714653,0.0047610001638531685,92,1.065999984741211,472,0.5270000100135803,16.111469268798828,50,0
0,0.05299999937415123,0.0028089999686926603,22,2.2149999141693115,232,0.421999990940094,17.25436019897461,400,1
0,0.020999999716877937,4.4100001105107367e-4,66,5.701000213623047,292,0.41999998688697815,17.801189422607422,85,0
0,0.4729999899864197,0.2237289994955063,36,6.88100004196167,472,0.8889999985694885,14.149840354919434,72,1
0,0.035999998450279236,0.0012959999730810523,82,2.253000020980835,352,0.656000018119812,17.780109405517578,945,1
0,0.08900000154972076,0.007921000011265278,147,2.0190000534057617,592,0.9710000157356262,16.709379196166992,2013,1
0,0.10400000214576721,0.010816000401973724,50,2.6480000019073486,292,0.43700000643730164,12.736109733581543,180,0
0,0.09600000083446503,0.009216000325977802,13,-0.9879999756813049,352,0.6539999842643738,14.536760330200195,4485,1
0,0.028999999165534973,8.410000009462237e-4,73,3.4769999980926514,352,0.46399998664855957,15.837849617004395,252,0
0,0.36899998784065247,0.13616099953651428,23,2.7209999561309814,232,0.8100000023841858,12.712889671325684,4898,1
0,0.017999999225139618,3.239999932702631e-4,89,3.4179999828338623,592,0.7350000143051147,15.528409957885742,441,1
0,0.15800000727176666,0.024963999167084694,23,0.800000011920929,292,0.4339999854564667,15.095890045166016,112,0
0,0.07199999690055847,0.005183999892324209,12,11.961999893188477,352,0.3019999861717224,13.986940383911133,1449,1
0,0.09000000357627869,0.008100000210106373,58,3.244999885559082,412,0.6800000071525574,14.486410140991211,729,1
0,0.054999999701976776,0.0030249999836087227,94,1.6759999990463257,532,0.5270000100135803,16.134069442749023,50,0
0,0.028999999165534973,8.410000009462237e-4,82,2.246999979019165,532,0.7559999823570251,15.354530334472656,441,1
0,0.19499999284744263,0.03802499920129776,40,-1.1260000467300415,453,0.7839999794960022,15.698479652404785,1020,0
0,0.11100000143051147,0.01232099998742342,11,2.181999921798706,292,0.4650000035762787,14.70009994506836,2346,1
0,0.30799999833106995,0.09486400336027145,48,-10.064000129699707,472,0.5649999976158142,16.331510543823242,18,0
0,0.06599999964237213,0.004356000106781721,17,-1.687999963760376,532,0.6539999842643738,14.890170097351074,4347,1
0,0.2199999988079071,0.04839999973773956,85,5.013000011444092,352,0.9350000023841858,12.29224967956543,36,0
0,0.19599999487400055,0.038415998220443726,47,5.045000076293945,592,0.46299999952316284,16.462539672851562,440,1
0,0.2669999897480011,0.07128900289535522,39,1.8329999446868896,532,0.6330000162124634,14.11709976196289,3400,1
0,0.026000000536441803,6.760000251233578e-4,74,2.118000030517578,292,0.6990000009536743,17.834270477294922,99,1
1,0.1420000046491623,0.020163999870419502,46,1.0570000410079956,292,0.47699999809265137,16.342519760131836,2976,1
0,0.007000000216066837,4.8999998398358e-5,23,0.05999999865889549,352,0.49399998784065247,16.36815071105957,1470,1
1,0.14100000262260437,0.019881000742316246,31,-3.2880001068115234,291,0.6140000224113464,17.43730926513672,5850,0
0,0.05299999937415123,0.0028089999686926603,34,2.8980000019073486,412,0.7110000252723694,16.094419479370117,22,0
0,0.10100000351667404,0.010200999677181244,78,0.296999990940094,532,0.25699999928474426,16.153949737548828,660,0
0,0.20600000023841858,0.04243599995970726,33,0.6600000262260437,352,0.7820000052452087,14.1850004196167,4092,1
0,0.9350000023841858,0.8742250204086304,36,3.2049999237060547,412,0.5649999976158142,16.053239822387695,18,0
0,0.19599999487400055,0.038415998220443726,66,5.579999923706055,592,0.8709999918937683,16.469480514526367,465,0
0,0.164000004529953,0.026895999908447266,76,2.5269999504089355,232,0.871999979019165,14.781729698181152,1482,1
1,0.20900000631809235,0.04368099942803383,21,2.3429999351501465,352,0.4339999854564667,15.226980209350586,128,0
0,0.10999999940395355,0.01209999993443489,95,9.713000297546387,65,0.5830000042915344,13.322850227355957,1296,1
0,0.23100000619888306,0.05336099863052368,15,6.708000183105469,232,0.7020000219345093,14.379690170288086,180,1
0,0.0949999988079071,0.009025000035762787,16,-3.5769999027252197,352,0.6959999799728394,14.890850067138672,5005,0
0,0.09099999815225601,0.008280999958515167,8,-0.8090000152587891,292,0.5680000185966492,15.38224983215332,504,0
0,0.14300000667572021,0.020448999479413033,96,4.855000019073486,532,0.4909999966621399,15.069930076599121,54,0
0,0.07000000029802322,0.004900000058114529,51,4.116000175476074,412,0.7590000033378601,18.013639450073242,341,1
0,0.16500000655651093,0.02722500078380108,62,3.997999906539917,532,0.007000000216066837,13.508990287780762,4686,0
0,0.35199999809265137,0.12390399724245071,4,0.9629999995231628,352,0.828000009059906,14.131050109863281,68,1
0,0.20999999344348907,0.04410000145435333,43,2.234999895095825,56,0.6970000267028809,15.291419982910156,198,1
0,0.10400000214576721,0.010816000401973724,43,4.888000011444092,232,0.46299999952316284,15.487919807434082,462,1
0,0.08900000154972076,0.007921000011265278,39,3.1419999599456787,144,0.8420000076293945,17.034509658813477,49,0
0,0.20999999344348907,0.04410000145435333,48,1.7549999952316284,560,0.5870000123977661,15.031609535217285,144,0
1,0.2770000100135803,0.07672899961471558,22,2.881999969482422,121,0.5389999747276306,18.080270767211914,6090,0
0,0.10400000214576721,0.010816000401973724,32,4.916999816894531,232,0.6800000071525574,14.09768009185791,676,1
0,0.07800000160932541,0.00608400022611022,2,-9.906000137329102,232,0.30799999833106995,14.982720375061035,240,0
0,0.28700000047683716,0.08236899971961975,10,4.4629998207092285,232,0.5730000138282776,15.319589614868164,5246,0
0,0.16699999570846558,0.02788900025188923,78,0.7820000052452087,292,0.871999979019165,14.852250099182129,1482,1
0,0.09600000083446503,0.009216000325977802,82,2.7300000190734863,292,0.527999997138977,15.410650253295898,48,0
0,0.09000000357627869,0.008100000210106373,77,4.111000061035156,232,0.49900001287460327,16.061309814453125,825,1
0,0.07999999821186066,0.006399999838322401,17,-2.6080000400543213,493,0.6079999804496765,16.2726993560791,448,0
0,0.21299999952316284,0.04536899924278259,8,9.687999725341797,61,0.5389999747276306,17.930330276489258,6090,0
0,0.04600000008940697,0.002116000046953559,99,1.003000020980835,592,0.527999997138977,16.162879943847656,50,0
0,0.18299999833106995,0.03348900005221367,38,-3.0959999561309814,440,0.5830000042915344,14.787050247192383,144,0
0,0.2770000100135803,0.07672899961471558,29,3.5179998874664307,412,0.5590000152587891,15.113519668579102,144,0
0,0.026000000536441803,6.760000251233578e-4,106,2.691999912261963,532,0.46700000762939453,18.190420150756836,228,0
0,0.21799999475479126,0.04752400144934654,53,1.680999994277954,412,0.007000000216066837,13.359800338745117,4686,0
0,0.20800000429153442,0.0432640016078949,55,6.116000175476074,448,0.7620000243186951,16.81608009338379,4488,0
0,0.1850000023841858,0.03422499820590019,41,5.074999809265137,27,0.7799999713897705,18.90947914123535,5168,0
0,0.3160000145435333,0.09985599666833878,56,4.236000061035156,388,0.765999972820282,16.699810028076172,4488,0
0,0.03799999877810478,0.0014440000522881746,112,0.5559999942779541,592,0.6579999923706055,17.878419876098633,999,1
0,0.09399999678134918,0.008836000226438046,108,1.3990000486373901,532,0.527999997138977,15.452560424804688,54,0
0,0.4169999957084656,0.17388899624347687,68,0.5690000057220459,592,0.8889999985694885,14.573980331420898,72,1
0,0.024000000208616257,5.760000203736126e-4,44,3.1459999084472656,232,0.6029999852180481,17.16646957397461,68,0
0,0.10199999809265137,0.01040400005877018,33,3.0829999446868896,187,0.6380000114440918,15.450030326843262,48,0
0,0.08799999952316284,0.00774399982765317,12,5.064000129699707,292,0.6959999799728394,14.792329788208008,5159,0
0,0.18700000643730164,0.03496899828314781,119,2.872999906539917,592,0.7570000290870667,15.287980079650879,20,0
0,0.18199999630451202,0.03312399983406067,92,2.1730000972747803,352,0.4950000047683716,16.430419921875,660,0
0,0.017000000923871994,2.8899998869746923e-4,94,-1.0379999876022339,592,0.6940000057220459,15.76725959777832,2652,1
1,0.04699999839067459,0.0022090000566095114,9,-0.5220000147819519,310,0.3370000123977661,15.754830360412598,900,0
0,0.03799999877810478,0.0014440000522881746,9,13.189000129699707,412,0.4959999918937683,12.574179649353027,441,1
0,0.23100000619888306,0.05336099863052368,39,-8.881999969482422,472,0.3569999933242798,12.021249771118164,2695,1
0,0.039000000804662704,0.001521000056527555,98,1.5579999685287476,592,0.718999981880188,16.110769271850586,22,0
0,0.1899999976158142,0.03610000014305115,29,0,352,0.5249999761581421,14.64188003540039,4544,0
0,0.006000000052154064,3.600000127335079e-5,86,9.734999656677246,292,0.5049999952316284,18.46320915222168,162,0
0,0.16899999976158142,0.028560999780893326,124,2.428999900817871,532,0.4950000047683716,16.520360946655273,682,0
0,0.2160000056028366,0.04665600135922432,101,1.0440000295639038,532,0.75,15.260430335998535,20,0
0,0.40799999237060547,0.16646400094032288,15,-1.0399999618530273,412,0.4650000035762787,14.942390441894531,2208,1
0,0.3140000104904175,0.0985959991812706,17,3.7820000648498535,532,0.006000000052154064,12.676079750061035,1050,1
0,0.017999999225139618,3.239999932702631e-4,101,6.690000057220459,592,0.6420000195503235,17.622060775756836,72,0
0,0.12099999934434891,0.01464099995791912,16,7.130000114440918,223,0.8080000281333923,16.435890197753906,5810,0
0,0.09000000357627869,0.008100000210106373,14,4.065000057220459,412,0.3569999933242798,15.493169784545898,60,0
0,0.054999999701976776,0.0030249999836087227,63,6.3470001220703125,292,0.7110000252723694,16.017629623413086,12,0
0,0.05400000140070915,0.00291600008495152,51,6.314000129699707,292,0.23800000548362732,16.823810577392578,936,1
0,0.03200000151991844,0.0010239999974146485,24,1.1449999809265137,412,0.7099999785423279,15.057929992675781,3162,1
0,0.14300000667572021,0.020448999479413033,64,0.8069999814033508,592,0.007000000216066837,13.584839820861816,4686,0
0,0.21699999272823334,0.047088999301195145,92,4.339000225067139,412,0.75,15.224300384521484,20,0
0,0.10000000149011612,0.009999999776482582,66,4.283999919891357,232,0.75,15.130040168762207,16,0
1,0.15000000596046448,0.02250000089406967,21,2.8559999465942383,223,0.8289999961853027,16.6665096282959,159,1
0,0.035999998450279236,0.0012959999730810523,83,3.246000051498413,532,0.6990000009536743,17.86836051940918,99,1
0,0.1080000028014183,0.01166400033980608,105,2.052000045776367,412,0.527999997138977,15.449250221252441,54,0
0,0.4740000069141388,0.2246759980916977,37,5.357999801635742,292,0.8100000023841858,12.82664966583252,4898,1
0,0.03700000047683716,0.0013689999468624592,44,0.25200000405311584,412,0.421999990940094,17.610639572143555,400,1
0,0.13300000131130219,0.017689000815153122,79,2.1050000190734863,412,0.43700000643730164,12.807379722595215,210,0
0,0.22200000286102295,0.04928399994969368,34,-1.312999963760376,232,0.47699999809265137,16.228200912475586,2976,1
0,0.04800000041723251,0.0023040000814944506,72,3.433000087738037,472,0.9229999780654907,17.65519905090332,155,0
0,0.035999998450279236,0.0012959999730810523,1,3.7279999256134033,232,0.8130000233650208,15.133529663085938,1825,0
0,0.4000000059604645,0.1599999964237213,41,-0.10700000077486038,592,0.1770000010728836,13.710149765014648,2320,1
0,0.06400000303983688,0.004095999989658594,18,4.35699987411499,292,0.7929999828338623,16.893280029296875,176,0
0,0.28600001335144043,0.08179599791765213,27,3.3989999294281006,232,0.8669999837875366,16.023120880126953,121,0
0,0.0560000017285347,0.003135999897494912,20,3.690000057220459,30,0.652999997138977,18.229290008544922,448,1
0,0.07199999690055847,0.005183999892324209,52,3.265000104904175,61,0.492000013589859,17.652250289916992,380,0
0,0.15000000596046448,0.02250000089406967,49,5.300000190734863,412,0.8690000176429749,16.226320266723633,465,0
0,0.27399998903274536,0.07507599890232086,40,-0.9290000200271606,352,0.8669999837875366,16.359790802001953,121,0
0,0.11500000208616257,0.013225000351667404,60,3.1480000019073486,592,0,13.930620193481445,3894,1
0,0.11299999803304672,0.012768999673426151,88,-2.0199999809265137,592,0.8360000252723694,12.535380363464355,1034,1
0,0.07999999821186066,0.006399999838322401,16,3.552999973297119,232,0.7929999828338623,16.782590866088867,176,0
0,0.7429999709129333,0.5520489811897278,28,8.03600025177002,352,0.5649999976158142,15.796649932861328,18,0
0,0.5080000162124634,0.25806400179862976,62,-3.9739999771118164,532,0.7820000052452087,14.637929916381836,4092,1
0,0.0560000017285347,0.003135999897494912,25,5.261000156402588,292,0.8420000076293945,18.378259658813477,144,0
0,0.1080000028014183,0.01166400033980608,74,5.241000175476074,532,0.19099999964237213,15.980899810791016,1196,1
0,0.09300000220537186,0.008648999966681004,37,4.7129998207092285,232,0.9229999780654907,17.196130752563477,160,0
0,0.06300000101327896,0.003969000186771154,30,2.760999917984009,35,0.44600000977516174,15.54928970336914,128,0
0,0.14499999582767487,0.021025000140070915,17,1.3229999542236328,181,0.30799999833106995,15.822250366210938,6586,0
0,0.16699999570846558,0.02788900025188923,41,1.8869999647140503,500,0.5830000042915344,14.92572021484375,144,0
0,0.11999999731779099,0.014399999752640724,42,1.8530000448226929,150,0.546999990940094,17.282180786132812,2100,0
0,0.515999972820282,0.2662560045719147,31,-0.4059999883174896,412,0.6769999861717224,14.446249961853027,4980,0
1,0.21899999678134918,0.047961000353097916,25,5.747000217437744,168,0.7799999713897705,18.702760696411133,5092,0
0,0.03799999877810478,0.0014440000522881746,103,1.149999976158142,472,0.46399998664855957,15.837719917297363,252,0
0,0.11599999666213989,0.01345600001513958,15,-0.7070000171661377,232,0.7820000052452087,13.920769691467285,4092,1
0,0.16599999368190765,0.027556000277400017,20,7.690999984741211,352,0.5040000081062317,15.238380432128906,3375,0
0,0.3330000042915344,0.1108890026807785,29,-0.5540000200271606,532,0.8669999837875366,16.786029815673828,121,0
0,0.008999999612569809,8.099999831756577e-5,16,0.6060000061988831,292,0.49399998784065247,16.24472999572754,1610,1
0,0.0020000000949949026,3.999999989900971e-6,98,1.3619999885559082,592,0.5080000162124634,18.647329330444336,171,0
0,0.07000000029802322,0.004900000058114529,6,-0.6600000262260437,232,0.3569999933242798,15.236929893493652,54,0
0,0.04699999839067459,0.0022090000566095114,2,4.556000232696533,292,0.8130000233650208,15.237649917602539,1825,0
0,0.7070000171661377,0.49984899163246155,68,5.370999813079834,592,0.8050000071525574,13.629179954528809,4248,1
0,0.09000000357627869,0.008100000210106373,38,1.5729999542236328,232,0.43700000643730164,12.715900421142578,180,0
0,0.03400000184774399,0.001155999954789877,52,6.447000026702881,232,0.75,13.935959815979004,72,0
0,0.19699999690055847,0.038809001445770264,17,7.474999904632568,412,0.7049999833106995,13.711810111999512,2703,1
0,0.07800000160932541,0.00608400022611022,21,-1.7350000143051147,532,0.004999999888241291,11.900230407714844,1974,1
1,0.09799999743700027,0.009603999555110931,3,-2.684999942779541,292,0.30799999833106995,15.072270393371582,240,0
0,0.10000000149011612,0.009999999776482582,26,-0.1080000028014183,472,0.7099999785423279,15.212499618530273,3162,1
0,0.05999999865889549,0.003599999938160181,27,8.616999626159668,389,0.8709999918937683,14.958459854125977,112,0
0,0.12600000202655792,0.015876000747084618,57,9.51200008392334,352,0.46299999952316284,15.822110176086426,462,1
0,0.2029999941587448,0.04120900109410286,6,-1.343999981880188,472,0.4410000145435333,15.787919998168945,4599,1
0,0.05000000074505806,0.0024999999441206455,42,2.3259999752044678,172,0.8579999804496765,16.991979598999023,434,1
0,0.061000000685453415,0.003720999928191304,53,0.7200000286102295,532,0.7590000033378601,18.240219116210938,341,1
1,0.23999999463558197,0.0575999990105629,34,-0.014000000432133675,73,0.5979999899864197,16.051530838012695,360,1
0,0.36800000071525574,0.13542400300502777,40,3.260999917984009,204,0.9160000085830688,16.742380142211914,132,1
0,0.3449999988079071,0.11902499943971634,62,-1.5870000123977661,592,0.5649999976158142,16.758840560913086,18,0
0,0.09099999815225601,0.008280999958515167,3,2.4159998893737793,232,0.6389999985694885,17.050609588623047,4347,1
0,0.06700000166893005,0.004488999955356121,79,9.609000205993652,99,0.75,14.595290184020996,78,0
0,0.12800000607967377,0.016383999958634377,98,4.429999828338623,232,0.527999997138977,15.375340461730957,48,0
0,0.026000000536441803,6.760000251233578e-4,36,0.32199999690055847,112,0.5370000004768372,20.234619140625,2937,0
0,0.09399999678134918,0.008836000226438046,87,1.350000023841858,352,0.9710000157356262,16.4468994140625,1848,1
0,0.04399999976158142,0.0019359999569132924,73,1.0429999828338623,412,0.7559999823570251,15.170829772949219,441,1
0,0.18700000643730164,0.03496899828314781,19,0.9819999933242798,292,0.7020000219345093,14.53966999053955,180,1
0,0.1979999989271164,0.03920400142669678,23,-5.590000152587891,472,0.46700000762939453,13.521140098571777,2044,0
0,0.10599999874830246,0.011235999874770641,9,0,472,0.7630000114440918,15.815500259399414,2652,0
0,0.019999999552965164,3.9999998989515007e-4,54,4.763000011444092,125,0.7390000224113464,20.704320907592773,585,0
0,0.3919999897480011,0.1536639928817749,83,-0.17299999296665192,532,0.4519999921321869,14.611209869384766,1833,1
0,0.24799999594688416,0.061503998935222626,55,-1.1150000095367432,532,0.7149999737739563,16.144149780273438,424,1
0,0.13199999928474426,0.017424000427126884,28,-1.6699999570846558,592,0.5509999990463257,13.92257022857666,2044,0
0,0.1889999955892563,0.03572100028395653,84,1.9850000143051147,472,0.871999979019165,15.000760078430176,1748,1
1,0.01600000075995922,2.5599999935366213e-4,41,-0.3959999978542328,192,0.5370000004768372,20.004440307617188,2848,0
0,0.06800000369548798,0.004623999819159508,8,0.2150000035762787,352,0.3569999933242798,15.408820152282715,58,0
0,0.26100000739097595,0.06812100112438202,86,5.692999839782715,412,0.9350000023841858,12.3371000289917,42,0
0,0.052000001072883606,0.002704000100493431,9,0.6359999775886536,532,0.4359999895095825,16.014509201049805,4216,1
0,0.057999998331069946,0.003364000003784895,98,2.0980000495910645,472,0.7789999842643738,15.405150413513184,224,0
0,0.3199999928474426,0.10239999741315842,21,2.3970000743865967,592,0.004999999888241291,12.842650413513184,1050,1
0,0.18299999833106995,0.03348900005221367,65,4.939000129699707,352,0.007000000216066837,13.263859748840332,4686,0
0,0.6209999918937683,0.3856410086154938,70,6.864999771118164,412,0.5640000104904175,13.894319534301758,4047,1
1,0.47600001096725464,0.22657600045204163,36,7.0929999351501465,292,0.492000013589859,17.162919998168945,380,0
0,0.02199999988079071,4.839999892283231e-4,14,-6.015999794006348,472,0.8450000286102295,12.876460075378418,1224,0
0,0.07800000160932541,0.00608400022611022,23,-1.4819999933242798,111,0.6140000224113464,16.96186065673828,5850,0
0,0.2540000081062317,0.06451600044965744,83,4.494999885559082,232,0.9350000023841858,12.175609588623047,30,0
0,0.0560000017285347,0.003135999897494912,82,1.7569999694824219,412,0.6990000009536743,17.84674072265625,99,1
0,0.020999999716877937,4.4100001105107367e-4,27,3.4760000705718994,292,0.7590000033378601,17.73406982421875,248,1
0,0.054999999701976776,0.0030249999836087227,14,-1.8279999494552612,412,0.8450000286102295,12.546110153198242,1224,0
0,0.10499999672174454,0.011025000363588333,63,2.510999917984009,232,0.9710000157356262,16.248069763183594,1716,1
0,0.0860000029206276,0.007395999971777201,54,2.632999897003174,292,0.46299999952316284,15.649209976196289,462,1
0,0.5320000052452087,0.28302401304244995,25,-0.746999979019165,352,0.6769999861717224,14.291119575500488,4814,0
0,0.023000000044703484,5.290000117383897e-4,20,-0.06199999898672104,532,0.3019999861717224,14.393810272216797,1426,1
0,0.2160000056028366,0.04665600135922432,14,1.968999981880188,292,0.5590000152587891,14.781350135803223,128,0
0,0.1469999998807907,0.021609000861644745,53,-0.5669999718666077,121,0.47600001096725464,16.092470169067383,3245,1
0,0.38100001215934753,0.1451610028743744,26,-1.3029999732971191,64,0.5389999747276306,18.381969451904297,6090,0
0,0.4000000059604645,0.1599999964237213,45,3.496999979019165,532,0.1469999998807907,13.554149627685547,2320,1
0,0.03099999949336052,9.609999833628535e-4,71,4.616000175476074,292,0.656000018119812,17.742860794067383,864,1
0,0.041999999433755875,0.0017640000442042947,52,3.556999921798706,232,0.46399998664855957,15.797200202941895,252,0
0,0.15700000524520874,0.02464899979531765,4,2.6710000038146973,292,0.5770000219345093,16.432470321655273,6882,0
0,0.027000000700354576,7.2900002123788e-4,107,0.9900000095367432,592,0.46399998664855957,15.900810241699219,252,0
0,0.19099999964237213,0.03648100048303604,21,3.634999990463257,292,0.574999988079071,15.968899726867676,5041,1
0,0.08299999684095383,0.006889000069350004,60,2.7780001163482666,532,0.3569999933242798,14.692440032958984,270,0
0,0.2029999941587448,0.04120900109410286,82,2.928999900817871,352,0.4909999966621399,14.971449851989746,54,0
0,0.029999999329447746,8.999999845400453e-4,45,0.36800000071525574,592,0.8360000252723694,18.88581085205078,176,0
0,0.057999998331069946,0.003364000003784895,68,3.746999979019165,592,0.6930000185966492,14.782870292663574,729,1
0,0.019999999552965164,3.9999998989515007e-4,25,0.11400000005960464,532,0.4959999918937683,12.74081039428711,441,1
0,0.3840000033378601,0.14745600521564484,33,-0.9049999713897705,124,0.5490000247955322,18.52750015258789,6090,0
0,0.11400000005960464,0.012996000237762928,94,-0.8889999985694885,532,0.8360000252723694,12.452150344848633,1034,1
0,0.1469999998807907,0.021609000861644745,26,-0.19900000095367432,463,0.8090000152587891,17.099720001220703,5893,0
0,0.032999999821186066,0.0010890000266954303,23,-2.8499999046325684,532,0.3569999933242798,15.683150291442871,60,0
0,0.23399999737739563,0.05475600063800812,55,3.6459999084472656,292,0.007000000216066837,13.161580085754395,4615,0
0,0.17499999701976776,0.030625000596046448,47,-0.35899999737739563,181,0.48899999260902405,16.21441078186035,3245,1
0,0.2540000081062317,0.06451600044965744,95,1.0820000171661377,472,0.9350000023841858,12.392550468444824,42,0
1,0.0860000029206276,0.007395999971777201,20,1.7359999418258667,94,0.621999979019165,16.743019104003906,3922,1
0,0.07900000363588333,0.0062409997917711735,3,-6.01200008392334,352,0.8130000233650208,15.363920211791992,1752,0
0,0.08699999749660492,0.0075690001249313354,116,1.7580000162124634,592,0.527999997138977,15.469539642333984,54,0
0,0.020999999716877937,4.4100001105107367e-4,67,2.364000082015991,232,0.6990000009536743,17.81096076965332,99,1
0,0.4869999885559082,0.23716899752616882,39,3.4630000591278076,412,0.1469999998807907,13.244580268859863,2320,1
0,0.03400000184774399,0.001155999954789877,112,1.1319999694824219,592,0.7850000262260437,17.484439849853516,308,1
0,0.30000001192092896,0.09000000357627869,72,-4.454999923706055,532,0.5640000104904175,14.027389526367188,4047,1
0,0.10100000351667404,0.010200999677181244,10,-9.831000328063965,61,0.4749999940395355,13.60354995727539,4720,0
0,0.024000000208616257,5.760000203736126e-4,59,3.059999942779541,6,0.5379999876022339,20.650009155273438,2937,0
0,0.039000000804662704,0.001521000056527555,71,4.014999866485596,292,0.46399998664855957,15.820500373840332,252,0
0,0.012000000104308128,1.4400000509340316e-4,28,0.13199999928474426,592,0.5329999923706055,12.847929954528809,441,1
0,0.11800000071525574,0.013923999853432178,106,2.680999994277954,472,0.527999997138977,15.447489738464355,54,0
1,0.36000001430511475,0.12960000336170197,10,-9.321000099182129,1,0.6480000019073486,15.627559661865234,4134,0
1,0.5049999952316284,0.2550249993801117,62,-3.2330000400543213,592,0.8040000200271606,14.78363037109375,4092,1
0,0.10400000214576721,0.010816000401973724,36,4.984000205993652,292,0.6800000071525574,14.241430282592773,676,1
0,0.028999999165534973,8.410000009462237e-4,30,1.9900000095367432,150,0.652999997138977,18.537139892578125,448,1
0,0.1850000023841858,0.03422499820590019,85,3.2279999256134033,412,0.4909999966621399,15.039580345153809,54,0
0,0.04800000041723251,0.0023040000814944506,86,0.7509999871253967,472,0.656000018119812,17.825929641723633,999,1
0,0.09799999743700027,0.009603999555110931,19,-0.5709999799728394,34,0.621999979019165,16.588850021362305,3922,1
0,0.050999999046325684,0.002601000014692545,108,-1.8969999551773071,592,0.7870000004768372,15.446319580078125,224,0
0,0.13500000536441803,0.01822499930858612,45,2.6010000705718994,532,0.574999988079071,16.514860153198242,5184,1
0,0.20600000023841858,0.04243599995970726,64,-2.312999963760376,472,0.8690000176429749,16.304330825805664,465,0
0,0.17100000381469727,0.02924099937081337,3,1.6169999837875366,232,0.4410000145435333,15.195540428161621,4662,1
0,0.01600000075995922,2.5599999935366213e-4,79,2.890000104904175,532,0.41999998688697815,17.853620529174805,140,0
0,0.09700000286102295,0.009409000165760517,84,2.9040000438690186,352,0.49900001287460327,16.097379684448242,935,1
0,0.38600000739097595,0.1489959955215454,95,-8.4589996337890625,472,0.006000000052154064,14.353170394897461,180,1
1,0.2199999988079071,0.04839999973773956,68,-10.663999557495117,117,0.5979999899864197,16.544469833374023,324,1
0,0.14399999380111694,0.020735999569296837,36,1.9869999885559082,292,0.8690000176429749,16.06616973876953,420,0
0,0.11699999868869781,0.01368900015950203,101,3.9070000648498535,472,0.19099999964237213,16.006160736083984,1196,1
0,0.09799999743700027,0.009603999555110931,84,2.8989999294281006,292,0.75,15.170570373535156,16,0
0,0.10300000011920929,0.010608999989926815,20,3.3359999656677246,329,0.8709999918937683,14.802069664001465,126,0
1,0.06400000303983688,0.004095999989658594,7,0.8539999723434448,16,0.30799999833106995,15.517889976501465,180,0
0,0.2070000022649765,0.04284900054335594,14,-0.4050000011920929,352,0.8360000252723694,15.385379791259766,1368,0
0,0.06199999898672104,0.003843999933451414,66,-2.4679999351501465,412,0.8579999804496765,17.29758071899414,496,1
0,0.16699999570846558,0.02788900025188923,93,1.2829999923706055,472,0.4909999966621399,15.07964038848877,54,0
0,0.020999999716877937,4.4100001105107367e-4,37,0.9629999995231628,472,0.49399998784065247,16.619049072265625,1400,1
0,0.026000000536441803,6.760000251233578e-4,73,4.406000137329102,412,0.41999998688697815,17.84857940673828,140,0
0,0.07400000095367432,0.005475999787449837,66,-4.010000228881836,352,0.8579999804496765,17.22681999206543,496,1
0,0.09700000286102295,0.009409000165760517,88,3.9189999103546143,352,0.75,15.203550338745117,20,0
0,0.039000000804662704,0.001521000056527555,21,3.3369998931884766,232,0.7590000033378601,17.57353973388672,248,1
0,0.017000000923871994,2.8899998869746923e-4,91,9.178999900817871,532,0.6029999852180481,17.573659896850586,72,0
0,0.1420000046491623,0.020163999870419502,35,1.7960000038146973,292,0.781000018119812,16.395200729370117,590,1
0,0.19200000166893005,0.03686400130391121,3,3.0199999809265137,232,0.5770000219345093,16.281999588012695,6882,0
0,0.11500000208616257,0.013225000351667404,41,-5.702000141143799,592,0.5360000133514404,15.228930473327637,4757,0
0,0.02800000086426735,7.83999974373728e-4,93,6.199999809265137,472,0.6029999852180481,17.52433967590332,72,0
0,0.07400000095367432,0.005475999787449837,18,-4.598999977111816,472,0.6959999799728394,15.092269897460938,4851,0
0,0.09300000220537186,0.008648999966681004,25,3.2829999923706055,84,0.8420000076293945,16.906600952148438,42,0
0,0.15299999713897705,0.023408999666571617,33,-3.859999895095825,361,0.30799999833106995,16.2564697265625,6675,0
0,0.4480000138282776,0.20070399343967438,8,2.7820000648498535,232,0.6769999861717224,13.993659973144531,4648,0
1,0.4009999930858612,0.1608009934425354,57,3.9119999408721924,1,0.492000013589859,17.318239212036133,380,0
0,0.47099998593330383,0.2218409925699234,54,2.8480000495910645,292,0.8050000071525574,13.415029525756836,4248,1
0,0.041999999433755875,0.0017640000442042947,34,2.0350000858306885,352,0.550000011920929,15.872579574584961,90,0
0,0.05000000074505806,0.0024999999441206455,2,0.05400000140070915,292,0.4359999895095825,15.544150352478027,3944,1
0,0.004000000189989805,1.5999999959603883e-5,94,3.118000030517578,472,0.5049999952316284,18.609270095825195,171,0
0,0.05400000140070915,0.00291600008495152,20,-0.45899999141693115,592,0.8420000076293945,15.933210372924805,1296,0
0,0.2840000092983246,0.08065599948167801,15,-2.552999973297119,532,0.4650000035762787,15.160719871520996,2208,1
0,0.08500000089406967,0.007224999833852053,24,-2.2780001163482666,472,0.6539999842643738,14.769869804382324,4347,1
0,0.34200000762939453,0.11696399748325348,12,7.177999973297119,292,0.6669999957084656,13.130330085754395,3657,0
0,0.11100000143051147,0.01232099998742342,4,3.6540000438690186,352,0.5770000219345093,16.581829071044922,6882,0
0,0.07400000095367432,0.005475999787449837,72,4.158999919891357,232,0.7789999842643738,15.333709716796875,176,0
0,0.4189999997615814,0.17556099593639374,19,0.4320000112056732,472,0.006000000052154064,12.520879745483398,1050,1
0,0.11100000143051147,0.01232099998742342,21,2.3459999561309814,292,0.7149999737739563,15.602259635925293,371,1
0,0.21299999952316284,0.04536899924278259,47,4.164999961853027,592,0.3330000042915344,12.286270141601562,2695,1
0,0.2770000100135803,0.07672899961471558,12,-0.054999999701976776,292,0.46700000762939453,13.047639846801758,2044,0
0,0.04399999976158142,0.0019359999569132924,5,1.590000033378601,232,0.7099999785423279,14.662240028381348,3100,1
0,0.05700000002980232,0.003249000059440732,77,-0.6000000238418579,592,0.7929999828338623,17.42523956298828,88,0
0,0.07000000029802322,0.004900000058114529,17,0.5120000243186951,20,0.5080000162124634,16.608509063720703,5940,0
0,0.09700000286102295,0.009409000165760517,6,4.126999855041504,1,0.5389999747276306,17.78985023498535,6090,0
0,0.029999999329447746,8.999999845400453e-4,40,5.074999809265137,352,0.421999990940094,17.5050106048584,400,1
0,0.17800000309944153,0.03168400004506111,32,-5.8520002365112305,421,0.29100000858306885,16.40237045288086,6675,0
0,0.02500000037252903,6.249999860301614e-4,89,1.371999979019165,352,0.46700000762939453,18.180889129638672,224,0
0,0.18700000643730164,0.03496899828314781,5,2.9130001068115234,352,0.4410000145435333,15.472599983215332,4662,1
0,0.09099999815225601,0.008280999958515167,32,-4.026000022888184,449,0.8709999918937683,15.121950149536133,112,0
0,0.18700000643730164,0.03496899828314781,82,-0.3140000104904175,412,0.871999979019165,14.95110034942627,1748,1
0,0.12200000137090683,0.014883999712765217,63,-0.45100000500679016,532,0.7929999828338623,17.340599060058594,88,0
0,0.13099999725818634,0.01716100051999092,32,-1.4819999933242798,231,0.6140000224113464,17.271610260009766,5850,0
1,0.47600001096725464,0.22657600045204163,12,-2.3559999465942383,16,0.6480000019073486,16.037860870361328,3822,0
0,0.164000004529953,0.026895999908447266,34,4.184000015258789,307,0.6380000114440918,15.669309616088867,32,0
0,0.23800000548362732,0.056644000113010406,11,1.5190000534057617,232,0.5590000152587891,14.645369529724121,128,0
1,0.210999995470047,0.04452100023627281,52,4.817999839782715,103,0.47699999809265137,16.505939483642578,3024,1
0,0.03799999877810478,0.0014440000522881746,123,0.7559999823570251,592,0.6959999799728394,17.886350631713867,99,1
0,0.5789999961853027,0.3352409899234772,76,-4.605999946594238,412,0.8050000071525574,13.541069984436035,4248,1
0,0.06300000101327896,0.003969000186771154,5,-4.138000011444092,232,0.7630000114440918,15.382040023803711,2808,0
0,0.0949999988079071,0.009025000035762787,25,0.23399999737739563,128,0.6340000033378601,16.178369522094727,768,1
0,0.003000000026077032,9.000000318337698e-6,46,2.318000078201294,532,0.49399998784065247,16.747880935668945,1400,1
0,0.18799999356269836,0.03534400090575218,60,-1.687000036239624,532,0.46299999952316284,16.310039520263672,440,1
0,0.11800000071525574,0.013923999853432178,61,4.815999984741211,412,0.9229999780654907,17.526029586791992,155,0
0,0.05900000035762787,0.0034809999633580446,52,1.3650000095367432,472,0.421999990940094,17.733240127563477,400,1
0,0.15000000596046448,0.02250000089406967,143,1.3300000429153442,592,0.4950000047683716,16.553770065307617,682,0
0,0.04100000113248825,0.001680999994277954,54,5.13700008392334,292,0.7559999823570251,14.905420303344727,462,1
1,0.12300000339746475,0.015128999948501587,7,1.9160000085830688,232,0.5389999747276306,17.6547908782959,6090,0
0,0.032999999821186066,0.0010890000266954303,70,9.053000450134277,305,0.7369999885559082,20.908349990844727,585,0
0,0.4399999976158142,0.19359999895095825,76,5.638000011444092,57,0.5979999899864197,16.381000518798828,324,1
0,0.041999999433755875,0.0017640000442042947,70,6.4019999504089355,292,0.5270000100135803,15.989469528198242,50,0
1,0.017999999225139618,3.239999932702631e-4,39,1.5800000429153442,172,0.5370000004768372,20.348329544067383,2937,0
0,0.017999999225139618,3.239999932702631e-4,28,2.674999952316284,532,0.3370000123977661,18.519329071044922,1664,1
0,0.5230000019073486,0.2735289931297302,41,-4.038000106811523,352,0.8100000023841858,12.806280136108398,4650,1
0,0.23999999463558197,0.0575999990105629,71,4.48199987411499,532,0.8690000176429749,16.388050079345703,465,0
0,0.03200000151991844,0.0010239999974146485,107,2.628999948501587,532,0.46399998664855957,15.86005973815918,252,0
0,0.6890000104904175,0.4747210144996643,53,5.791999816894531,352,0.8050000071525574,13.500800132751465,4248,1
0,0.05700000002980232,0.003249000059440732,6,0.4959999918937683,250,0.3370000123977661,15.616559982299805,900,0
0,0.3930000066757202,0.154449000954628,42,8.336000442504883,352,0,13.691080093383789,3894,1
0,0.07800000160932541,0.00608400022611022,41,1.9010000228881836,1,0.8289999961853027,16.995349884033203,106,1
0,0.07999999821186066,0.006399999838322401,3,-0.21799999475479126,130,0.3370000123977661,15.29347038269043,900,0
0,0.13899999856948853,0.019321000203490257,64,3.928999900817871,232,0.4950000047683716,16.32469940185547,649,0
0,0.07999999821186066,0.006399999838322401,54,2.1659998893737793,292,0.6909999847412109,14.847979545593262,1050,1
0,0.47099998593330383,0.2218409925699234,56,-0.26499998569488525,232,0.8050000071525574,13.377010345458984,4248,1
0,0.12600000202655792,0.015876000747084618,4,-2.7980000972747803,232,0.5680000185966492,15.25984001159668,504,0
0,0.03099999949336052,9.609999833628535e-4,38,0.12399999797344208,532,0.8420000076293945,18.812740325927734,176,0
0,0.609000027179718,0.37088099122047424,7,8.668000221252441,232,0.5649999976158142,15.382670402526855,12,0
0,0.07199999690055847,0.005183999892324209,46,2.5460000038146973,292,0.9229999780654907,17.31361961364746,160,0
0,0.5619999766349792,0.31584399938583374,47,8.633000373840332,412,0.8100000023841858,12.783280372619629,4402,1
0,0.5550000071525574,0.3080250024795532,17,0.12600000202655792,292,0.5740000009536743,15.247969627380371,5494,0
0,0.09200000017881393,0.008464000187814236,14,-2.7939999103546143,553,0.6060000061988831,16.403270721435547,448,0
0,0.11400000005960464,0.012996000237762928,9,-2.4019999504089355,592,0.8149999976158142,16.015840530395508,1606,0
0,0.2329999953508377,0.05428899824619293,16,0.5889999866485596,352,0.5590000152587891,14.940759658813477,144,0
0,0.052000001072883606,0.002704000100493431,15,2.571000099182129,80,0.5189999938011169,16.768749237060547,5940,0
0,0.11500000208616257,0.013225000351667404,23,0.35100001096725464,68,0.6359999775886536,16.03438949584961,768,1
1,0.1509999930858612,0.022801000624895096,9,2.686000108718872,292,0.47600001096725464,15.473549842834473,3080,1
0,0.02800000086426735,7.83999974373728e-4,82,5.72599983215332,412,0.6029999852180481,17.456350326538086,72,0
0,0.26499998569488525,0.07022500038146973,66,1.2940000295639038,592,0.5529999732971191,14.067819595336914,4047,1
0,0.17399999499320984,0.030276000499725342,21,3.181999921798706,153,0.7839999794960022,15.136730194091797,952,0
0,0.15199999511241913,0.023104000836610794,71,4.5229997634887695,292,0.4909999966621399,14.897319793701172,54,0
0,0.03500000014901161,0.0012250000145286322,80,0.6480000019073486,592,0.921999990940094,17.87904930114746,155,0
0,0.5680000185966492,0.32262399792671204,21,7.901000022888184,292,0.1469999998807907,12.945630073547363,2240,1
0,0.03400000184774399,0.001155999954789877,106,3.0820000171661377,532,0.7789999842643738,15.422140121459961,224,0
0,0.019999999552965164,3.9999998989515007e-4,104,1.465000033378601,592,0.46000000834465027,18.217849731445312,228,0
1,0.19699999690055847,0.038809001445770264,23,1.4079999923706055,352,0.7020000219345093,14.701749801635742,180,1
0,0.1080000028014183,0.01166400033980608,74,4.23199987411499,532,0.43700000643730164,12.852910041809082,210,0
0,0.3919999897480011,0.1536639928817749,50,-4.855000019073486,592,0.4129999876022339,14.717300415039062,1833,1
0,0.1459999978542328,0.02131599932909012,35,0.125,532,0.5249999761581421,15.07511043548584,4757,0
0,0.05400000140070915,0.00291600008495152,44,6.28000020980835,232,0.23800000548362732,16.761369705200195,936,1
0,0.04100000113248825,0.001680999994277954,11,1.9110000133514404,352,0.7630000114440918,15.591309547424316,2730,0
0,0.2549999952316284,0.06502500176429749,45,-2.944999933242798,352,0.574999988079071,16.101459503173828,5112,1
0,0.12999999523162842,0.016899999231100082,72,1.1139999628067017,472,0.25699999928474426,16.174379348754883,660,0
0,0.024000000208616257,5.760000203736126e-4,53,4.414000034332275,232,0.41999998688697815,17.768909454345703,85,0
1,0.1289999932050705,0.016641000285744667,12,1.996999979019165,30,0.6359999775886536,15.611100196838379,704,1
0,0.09700000286102295,0.009409000165760517,59,1.8029999732971191,352,0.43700000643730164,12.795249938964844,195,0
0,0.050999999046325684,0.002601000014692545,87,2.7090001106262207,292,0.7319999933242798,15.900309562683105,369,0
0,0.4959999918937683,0.2460159957408905,11,2.799999952316284,232,0.5740000009536743,15.100330352783203,5494,0
1,0.0949999988079071,0.009025000035762787,5,1.8680000305175781,132,0.30799999833106995,15.37366008758545,180,0
0,0.3720000088214874,0.13838399946689606,40,5.078000068664551,148,0.765999972820282,16.199949264526367,4488,0
0,0.03999999910593033,0.0015999999595806003,92,-1.1979999542236328,1,0.23800000548362732,16.9599609375,962,1
0,0.1080000028014183,0.01166400033980608,103,3.183000087738037,532,0.49900001287460327,16.114830017089844,1045,1
0,0.07199999690055847,0.005183999892324209,20,-1.0429999828338623,412,0.6959999799728394,14.989850044250488,4851,0
0,0.34299999475479126,0.11764899641275406,27,-2.944000005722046,472,0.5730000138282776,16.111370086669922,5504,0
0,0.38600000739097595,0.1489959955215454,19,2.493000030517578,592,0.8519999980926514,14.637049674987793,68,1
0,0.1340000033378601,0.017955999821424484,15,0.19499999284744263,412,0.8360000252723694,15.527139663696289,1296,0
0,0.1550000011920929,0.024025000631809235,76,1.3070000410079956,181,0.48500001430511475,17.929330825805664,380,0
0,0.2840000092983246,0.08065599948167801,88,1.7170000076293945,292,0.9350000023841858,12.225870132446289,30,0
0,0.2980000078678131,0.08880399912595749,30,-4.839000225067139,532,0.5730000138282776,16.298250198364258,5504,0
0,0.5230000019073486,0.2735289931297302,89,2.244999885559082,412,0.7820000052452087,14.327730178833008,4092,1
0,0.15000000596046448,0.02250000089406967,81,4.36299991607666,292,0.4950000047683716,16.383459091186523,649,0
0,0.29600000381469727,0.08761599659919739,34,1.9919999837875366,273,0.7839999794960022,15.375550270080566,1020,0
0,0.03099999949336052,9.609999833628535e-4,4,-0.2939999997615814,472,0.5770000219345093,16.89664077758789,6975,0
0,0.17000000178813934,0.02889999933540821,8,-4.979000091552734,472,0.8130000233650208,15.69696044921875,1606,0
0,0.05299999937415123,0.0028089999686926603,31,4.1020002365112305,412,0.8420000076293945,18.61366081237793,176,0
0,0.052000001072883606,0.002704000100493431,75,2.0999999046325684,352,0.7319999933242798,15.918789863586426,387,0
0,0.5070000290870667,0.25704899430274963,15,3.507999897003174,292,0.6769999861717224,14.141209602355957,4648,0
0,0.017000000923871994,2.8899998869746923e-4,36,1.3140000104904175,52,0.5370000004768372,20.121000289916992,2848,0
0,0.22499999403953552,0.05062500014901161,38,6.291999816894531,532,0.3569999933242798,12.151089668273926,2695,1
0,0.07000000029802322,0.004900000058114529,44,-0.2529999911785126,61,0.8320000171661377,17.09355926513672,106,1
0,0.0729999989271164,0.00532899983227253,4,5.414000034332275,12,0.30799999833106995,15.118419647216797,210,0
0,0.08500000089406967,0.007224999833852053,18,1.5089999437332153,24,0.8420000076293945,16.748519897460938,42,0
0,0.3269999921321869,0.1069289967417717,42,1.6119999885559082,333,0.7839999794960022,15.493539810180664,1020,0
0,0.003000000026077032,9.000000318337698e-6,96,3.936000108718872,532,0.5049999952316284,18.632049560546875,171,0
0,0.6000000238418579,0.36000001430511475,81,-2.9049999713897705,532,0.8050000071525574,13.586099624633789,4248,1
0,0.10999999940395355,0.01209999993443489,3,-8.560999870300293,10,0.3370000123977661,14.973329544067383,900,0
0,0.03200000151991844,0.0010239999974146485,82,1.7380000352859497,352,0.6990000009536743,17.844890594482422,99,1
0,0.05000000074505806,0.0024999999441206455,6,1.597000002861023,472,0.4359999895095825,15.879969596862793,4216,1
0,0.20399999618530273,0.04161600023508072,11,4.683000087738037,292,0.5249999761581421,14.518610000610352,4260,0
0,0.1340000033378601,0.017955999821424484,80,2.2799999713897705,352,0.871999979019165,14.942709922790527,1596,1
0,0.07199999690055847,0.005183999892324209,82,2.000999927520752,472,0.6990000009536743,17.85301971435547,99,1
0,0.014000000432133675,1.95999993593432e-4,24,3.75,5,0.7390000224113464,20.52276039123535,663,0
0,0.14000000059604645,0.019600000232458115,44,2.325000047683716,380,0.5830000042915344,14.641440391540527,144,0
0,0.0689999982714653,0.0047610001638531685,4,1.4249999523162842,72,0.30799999833106995,15.233790397644043,180,0
0,0.14000000059604645,0.019600000232458115,13,4.492000102996826,51,0.6140000224113464,16.824649810791016,5940,0
0,0.017999999225139618,3.239999932702631e-4,83,2.0940001010894775,532,0.6970000267028809,15.719409942626953,2652,1
0,0.1379999965429306,0.019044000655412674,26,-2.749000072479248,343,0.8080000281333923,16.81109046936035,5893,0
1,0.07500000298023224,0.005625000223517418,87,6.771999835968018,472,0.23800000548362732,16.938980102539062,962,1
0,0.057999998331069946,0.003364000003784895,63,4.2769999504089355,232,0.7319999933242798,15.861140251159668,369,0
0,0.23899999260902405,0.057121001183986664,81,-2.9839999675750732,472,0.5640000104904175,13.979330062866211,4047,1
0,0.27000001072883606,0.07289999723434448,51,1.8370000123977661,412,0,13.780920028686523,3894,1
0,0.08699999749660492,0.0075690001249313354,40,-1.3910000324249268,532,0.7049999833106995,14.060020446777344,2703,1
0,0.08500000089406967,0.007224999833852053,42,-1.409000039100647,232,0.6909999847412109,14.806170463562012,1050,1
0,0.11900000274181366,0.014161000028252602,6,6.390999794006348,232,0.4650000035762787,14.580050468444824,2346,1
0,0.04399999976158142,0.0019359999569132924,77,2.6500000953674316,412,0.656000018119812,17.802270889282227,999,1
0,0.17000000178813934,0.02889999933540821,59,1.6019999980926514,264,0.9160000085830688,16.901039123535156,132,1
0,0.0949999988079071,0.009025000035762787,7,2.385999917984009,292,0.6539999842643738,14.430159568786621,4623,1
0,0.05900000035762787,0.0034809999633580446,91,1.5369999408721924,472,0.7319999933242798,15.937769889831543,405,0
0,0.1340000033378601,0.017955999821424484,6,1.0470000505447388,42,0.5080000162124634,16.099119186401367,6210,0
0,0.04699999839067459,0.0022090000566095114,66,-1.3200000524520874,61,0.2409999966621399,16.937040328979492,962,1
0,0.05299999937415123,0.0028089999686926603,57,0.6209999918937683,472,0.6800000071525574,14.588850021362305,729,1
0,0.43799999356269836,0.19184400141239166,15,2.0269999504089355,352,0.46700000762939453,13.214030265808105,2044,0
0,0.2809999883174896,0.07896099984645844,34,1.8289999961853027,232,0,13.534469604492188,3894,1
0,0.029999999329447746,8.999999845400453e-4,64,4.932000160217285,292,0.7839999794960022,17.335350036621094,264,1
1,0.10300000011920929,0.010608999989926815,9,-2.6089999675750732,1,0.5680000185966492,15.879199981689453,513,0
0,0.35100001096725464,0.12320099771022797,43,-13.088000297546387,532,0.006000000052154064,14.569279670715332,180,1
0,0.4970000088214874,0.24700899422168732,51,-3.677000045776367,532,0.8889999985694885,14.302249908447266,72,1
0,0.0560000017285347,0.003135999897494912,3,2.128999948501587,352,0.4359999895095825,15.640379905700684,4080,1
0,0.04800000041723251,0.0023040000814944506,26,2.3489999771118164,112,0.8579999804496765,16.919330596923828,434,1
0,0.6079999804496765,0.3696640133857727,17,-1.7549999952316284,412,0.8889999985694885,13.91172981262207,72,1
0,0.1379999965429306,0.019044000655412674,16,8.085000038146973,103,0.8289999961853027,16.405000686645508,159,1
1,0.11999999731779099,0.014399999752640724,22,-0.08900000154972076,532,0.6959999799728394,15.201560020446777,4851,0
0,0.10899999737739563,0.011881000362336636,21,-3.0889999866485596,292,0.5040000081062317,15.163840293884277,3375,0
0,0.39399999380111694,0.15523600578308105,17,4.860000133514404,592,0.46799999475479126,15.274589538574219,2208,1
1,0.17900000512599945,0.032040998339653015,67,-1.465000033378601,324,0.9160000085830688,17.0347900390625,132,1
0,0.052000001072883606,0.002704000100493431,15,2.378999948501587,472,0.4959999918937683,12.644330024719238,441,1
0,0.27300000190734863,0.0745289996266365,18,0,412,0.8669999837875366,16.51491928100586,121,0
0,0.10400000214576721,0.010816000401973724,140,0.8220000267028809,592,0.49300000071525574,16.13167953491211,1045,1
0,0.22100000083446503,0.048840999603271484,41,7.978000164031982,352,0.7149999737739563,15.74804973602295,424,1
0,0.210999995470047,0.04452100023627281,29,1.9980000257492065,592,0.8659999966621399,16.89944076538086,121,0
0,0.5090000033378601,0.25908100605010986,40,1.1100000143051147,292,0.5640000104904175,13.786080360412598,4047,1
0,0.5680000185966492,0.32262399792671204,9,6.239999771118164,232,0.1469999998807907,12.821260452270508,2240,1
0,0.028999999165534973,8.410000009462237e-4,53,4.5320000648498535,232,0.656000018119812,17.70237922668457,864,1
0,0.007000000216066837,4.8999998398358e-5,49,2.4000000953674316,592,0.5120000243186951,16.881519317626953,1400,1
0,0.08299999684095383,0.006889000069350004,38,-0.04699999839067459,569,0.8730000257492065,15.38994026184082,112,0
0,0.06300000101327896,0.003969000186771154,63,1.6360000371932983,487,0.6380000114440918,16.011289596557617,32,0
0,0.12300000339746475,0.015128999948501587,53,1.9509999752044678,352,0.3569999933242798,14.51513957977295,258,0
0,0.20000000298023224,0.03999999910593033,51,1.159000039100647,472,0,13.831379890441895,3894,1
0,0.02199999988079071,4.839999892283231e-4,41,4.23799991607666,352,0.7590000033378601,17.890939712524414,310,1
0,0.2280000001192093,0.05198400095105171,104,-0.5120000243186951,592,0.9350000023841858,12.498740196228027,42,0
0,0.2630000114440918,0.06916899979114532,51,3.3589999675750732,412,0.5249999761581421,14.776769638061523,4757,0
0,0.09000000357627869,0.008100000210106373,3,-0.5360000133514404,232,0.6919999718666077,15.01968002319336,5893,0
0,0.04699999839067459,0.0022090000566095114,89,5.09499979019165,185,0.5830000042915344,13.431320190429688,1296,1
0,0.039000000804662704,0.001521000056527555,88,1.8600000143051147,532,0.7319999933242798,15.96249008178711,405,0
0,0.1850000023841858,0.03422499820590019,37,-1.8179999589920044,472,0.5590000152587891,15.29323959350586,144,0
0,0.09399999678134918,0.008836000226438046,8,-0.75,292,0.7630000114440918,15.489800453186035,2808,0
0,0.2240000069141388,0.050175998359918594,7,3.697000026702881,412,0.8130000233650208,15.522979736328125,1606,0
0,0.32499998807907104,0.10562500357627869,46,4.243000030517578,208,0.765999972820282,16.32168960571289,4488,0
0,0.03999999910593033,0.0015999999595806003,76,1.024999976158142,472,0.7559999823570251,15.25841999053955,441,1
0,0.0860000029206276,0.007395999971777201,50,1.0729999542236328,427,0.6380000114440918,15.914999961853027,32,0
0,0.1340000033378601,0.017955999821424484,72,2.1459999084472656,412,0.25699999928474426,16.186410903930664,660,0
0,0.06599999964237213,0.004356000106781721,95,3.2780001163482666,412,0.9020000100135803,18.750059127807617,3015,1
0,0.10199999809265137,0.01040400005877018,9,0.7739999890327454,26,0.6209999918937683,16.67329978942871,4290,1
0,0.10899999737739563,0.011881000362336636,12,-0.9340000152587891,163,0.8080000281333923,16.257680892944336,5727,0
0,0.23199999332427979,0.05382400006055832,32,-2.753000020980835,472,0.5249999761581421,14.923410415649414,4757,0
0,0.0689999982714653,0.0047610001638531685,12,0.36800000071525574,43,0.6420000195503235,17.84804916381836,4209,1
0,0.11599999666213989,0.01345600001513958,9,-2.7990000247955322,532,0.8130000233650208,15.852310180664062,1606,0
0,0.09799999743700027,0.009603999555110931,70,1.687000036239624,412,0.9710000157356262,16.502809524536133,2013,1
1,0.11999999731779099,0.014399999752640724,10,1.406999945640564,126,0.6359999775886536,15.334589958190918,704,1
0,0.05700000002980232,0.003249000059440732,18,6.635000228881836,232,0.652999997138977,17.777830123901367,448,1
0,0.023000000044703484,5.290000117383897e-4,22,3.3459999561309814,592,0.3089999854564667,14.49860954284668,1426,1
0,0.1459999978542328,0.02131599932909012,50,0.16500000655651093,61,0.47600001096725464,15.934049606323242,3245,1
0,0.11999999731779099,0.014399999752640724,22,0.7649999856948853,532,0.46700000762939453,13.733220100402832,2044,0
0,0.2849999964237213,0.08122500032186508,26,-0.2879999876022339,412,0.5730000138282776,15.918910026550293,5504,0
0,0.16300000250339508,0.026568999513983727,8,-2.240999937057495,1,0.47600001096725464,15.762709617614746,3245,1
0,0.20499999821186066,0.04202499985694885,45,-3.7679998874664307,352,0.8690000176429749,16.150949478149414,435,0
0,0.02199999988079071,4.839999892283231e-4,50,9.248000144958496,292,0.6029999852180481,17.278839111328125,68,0
0,0.07699999958276749,0.005929000210016966,80,1.2309999465942383,532,0.9710000157356262,16.652549743652344,2013,1
0,0.16899999976158142,0.028560999780893326,24,6.585999965667725,241,0.30799999833106995,15.978949546813965,6675,0
0,0.041999999433755875,0.0017640000442042947,38,3.8989999294281006,292,0.421999990940094,17.379989624023438,400,1
0,0.017999999225139618,3.239999932702631e-4,26,2.510999917984009,412,0.3370000123977661,18.2779598236084,1664,1
0,0.1589999943971634,0.02528100088238716,23,3.194000005722046,200,0.5830000042915344,14.208900451660156,136,0
0,0.05900000035762787,0.0034809999633580446,49,5.059999942779541,232,0.7110000252723694,16.026960372924805,12,0
0,0.027000000700354576,7.2900002123788e-4,74,1.8029999732971191,352,0.41999998688697815,17.830829620361328,115,0
0,0.10000000149011612,0.009999999776482582,46,4.577000141143799,292,0.3569999933242798,14.440910339355469,246,0
0,0.21899999678134918,0.047961000353097916,50,0.7829999923706055,592,0.7170000076293945,16.254369735717773,424,1
0,0.10899999737739563,0.011881000362336636,46,1.7489999532699585,367,0.6380000114440918,15.798870086669922,32,0
0,0.03200000151991844,0.0010239999974146485,24,2.566999912261963,90,0.652999997138977,18.381729125976562,448,1
0,0.2029999941587448,0.04120900109410286,15,1.4880000352859497,532,0.5040000081062317,15.565580368041992,3375,0
0,0.39800000190734863,0.15840399265289307,16,-0.2329999953508377,352,0.4650000035762787,14.819450378417969,2300,1
0,0.10300000011920929,0.010608999989926815,73,2.9010000228881836,412,0.23800000548362732,16.9156494140625,962,1
0,0.027000000700354576,7.2900002123788e-4,101,4.806000232696533,532,0.7839999794960022,17.4748592376709,308,1
0,0.20100000500679016,0.040401000529527664,18,0.5049999952316284,472,0.8360000252723694,15.667889595031738,1296,0
0,0.12300000339746475,0.015128999948501587,62,-3.510999917984009,121,0.492000013589859,17.799480438232422,380,0
0,0.28999999165534973,0.08410000056028366,16,9.675000190734863,352,0.7049999833106995,13.5346097946167,2601,1
0,0.3720000088214874,0.13838399946689606,22,-5.066999912261963,412,0.5740000009536743,15.562620162963867,5576,0
0,0.04699999839067459,0.0022090000566095114,57,7.642000198364258,232,0.5270000100135803,15.961440086364746,50,0
0,0.07999999821186066,0.006399999838322401,52,1.4470000267028809,292,0.8579999804496765,17.151779174804688,496,1
0,0.14800000190734863,0.021903999149799347,76,2.046999931335449,472,0.43700000643730164,12.81365966796875,210,0
0,0.13300000131130219,0.017689000815153122,90,2.8510000705718994,412,0.49900001287460327,16.102680206298828,1045,1
0,0.42800000309944153,0.18318399786949158,49,-3.247999906539917,532,0.5649999976158142,16.57571029663086,18,0
0,0.2980000078678131,0.08880399912595749,34,-3.375,592,0.5809999704360962,16.010509490966797,5576,0
0,0.19599999487400055,0.038415998220443726,18,3.9549999237060547,232,0.4339999854564667,14.918109893798828,112,0
0,0.09700000286102295,0.009409000165760517,23,-1.8480000495910645,592,0.006000000052154064,12.034099578857422,1974,1
0,0.4390000104904175,0.19272099435329437,19,-0.8169999718666077,532,0.828000009059906,14.510160446166992,68,1
0,0.46299999952316284,0.214368999004364,64,14.409000396728516,592,0.004999999888241291,14.250530242919922,180,1
0,0.15399999916553497,0.023716000840067863,10,1.7549999952316284,232,0.8360000252723694,15.103639602661133,1440,0
0,0.10000000149011612,0.009999999776482582,80,1.1380000114440918,352,0.527999997138977,15.436880111694336,48,0
0,0.13899999856948853,0.019321000203490257,8,0.9739999771118164,61,0.30799999833106995,15.577670097351074,6586,0
0,0.4320000112056732,0.18662400543689728,22,8.586000442504883,352,0.6669999957084656,13.292949676513672,3657,0
0,0.08399999886751175,0.007056000176817179,28,4.388999938964844,301,0.30799999833106995,16.11578941345215,6675,0
0,0.20900000631809235,0.04368099942803383,95,1.9119999408721924,412,0.4950000047683716,16.46523094177246,682,0
0,0.2669999897480011,0.07128900289535522,18,2.3459999561309814,352,0.5730000138282776,15.725790023803711,5332,0
0,0.13300000131130219,0.017689000815153122,16,4.824999809265137,412,0.46700000762939453,13.370779991149902,2044,0
0,0.014999999664723873,2.2499999613501132e-4,55,1.9170000553131104,65,0.7390000224113464,20.63595962524414,624,0
0,0.07400000095367432,0.005475999787449837,74,7.730999946594238,39,0.75,14.40884017944336,78,0
0,0.36500000953674316,0.1332249939441681,25,-3.674999952316284,472,0.5740000009536743,15.717619895935059,5576,0
0,0.12399999797344208,0.015375999733805656,56,-1.284999966621399,472,0.3569999933242798,14.653229713439941,270,0
0,0.1379999965429306,0.019044000655412674,19,-0.24799999594688416,232,0.574999988079071,15.873470306396484,5041,1
0,0.09700000286102295,0.009409000165760517,23,2.312999963760376,127,0.6380000114440918,15.34807014465332,48,0
0,0.08799999952316284,0.00774399982765317,68,-1.0429999828338623,472,0.46299999952316284,16.152299880981445,440,1
0,0.23899999260902405,0.057121001183986664,95,3.053999900817871,472,0.75,15.239339828491211,20,0
0,0.014000000432133675,1.95999993593432e-4,9,0.6890000104904175,232,0.49399998784065247,16.151920318603516,1610,1
0,0.032999999821186066,0.0010890000266954303,33,5.664000034332275,412,0.49399998784065247,16.489519119262695,1400,1
1,0.09399999678134918,0.008836000226438046,40,3.250999927520752,204,0.8420000076293945,17.1439208984375,49,0
0,0.041999999433755875,0.0017640000442042947,84,-0.42399999499320984,532,0.9229999780654907,17.77522087097168,155,0
0,0.1469999998807907,0.021609000861644745,111,4.783999919891357,592,0.4909999966621399,15.092550277709961,54,0
0,0.14800000190734863,0.021903999149799347,52,2.197000026702881,352,0.6800000071525574,14.373979568481445,702,1
0,0.1120000034570694,0.012543999589979649,19,1.7050000429153442,232,0.7149999737739563,15.453339576721191,371,1
0,0.06199999898672104,0.003843999933451414,58,0.3070000112056732,592,0.7570000290870667,18.333009719848633,341,1
0,0.04100000113248825,0.001680999994277954,46,5.788000106811523,232,0.7559999823570251,14.75669002532959,462,1
0,0.26499998569488525,0.07022500038146973,8,-0.8889999985694885,232,0.47600001096725464,15.290499687194824,3080,1
0,0.050999999046325684,0.002601000014692545,83,0.8159999847412109,412,0.7319999933242798,15.93297004699707,405,0
0,0.12099999934434891,0.01464099995791912,14,0.6200000047683716,253,0.6079999804496765,15.724309921264648,441,0
